dataset,reducer,classifier,dim,accuracy,error_rate,pca_dim,pca_variance,n_train,n_test,random_state,test_size,method_label,classifier_label
mnist,pca99_lda,knn,1,0.2841666666666667,0.7158333333333333,500,0.99,14000,6000,0,0.3,PCA (>99%) +LDA,KNN-1
mnist,pca99_lda,knn,2,0.4648333333333333,0.5351666666666667,500,0.99,14000,6000,0,0.3,PCA (>99%) +LDA,KNN-1
mnist,pca99_lda,knn,3,0.6606666666666666,0.3393333333333334,500,0.99,14000,6000,0,0.3,PCA (>99%) +LDA,KNN-1
mnist,pca99_lda,knn,4,0.749,0.251,500,0.99,14000,6000,0,0.3,PCA (>99%) +LDA,KNN-1
mnist,pca99_lda,knn,5,0.7796666666666666,0.22033333333333338,500,0.99,14000,6000,0,0.3,PCA (>99%) +LDA,KNN-1
mnist,pca99_lda,knn,6,0.8083333333333333,0.19166666666666665,500,0.99,14000,6000,0,0.3,PCA (>99%) +LDA,KNN-1
mnist,pca99_lda,knn,7,0.852,0.14800000000000002,500,0.99,14000,6000,0,0.3,PCA (>99%) +LDA,KNN-1
mnist,pca99_lda,knn,8,0.8735,0.12649999999999995,500,0.99,14000,6000,0,0.3,PCA (>99%) +LDA,KNN-1
mnist,pca99_lda,knn,9,0.8803333333333333,0.1196666666666667,500,0.99,14000,6000,0,0.3,PCA (>99%) +LDA,KNN-1
